voltage,current,temperature,current_charge,voltage_charge,time
3.4495548326186936,-0.0042803717664491375,25.683650047966662,0.0,-0.007,0.0
3.1166539987988418,-3.5210925208592174,25.698565662373557,-3.528,1.439,2.5
3.5650977837050295,1.5129649952385709,25.720029955986828,1.506,4.284,5.452999999999996
3.5813799379756075,1.5134879688623097,25.73716901453274,1.507,4.311,8.312999999999995
3.5925574967245018,1.5145498585170667,25.731586909151027,1.507,4.322,11.171999999999997
3.602003329840931,1.5111348613077529,25.729374869166644,1.507,4.332,14.015999999999998
3.6104774250217155,1.5114121836683092,25.706078376403156,1.506,4.338,16.891
3.618135602833369,1.5149577330246082,25.694165055229647,1.507,4.349,19.781999999999996
3.6252526138113503,1.5110516275116734,25.67417997192402,1.507,4.354,22.656999999999996
3.6319848203894756,1.5159613419320628,25.662887661902516,1.507,4.359,25.516
3.638739081222422,1.5129858806673424,25.644790613872928,1.507,4.365,28.374999999999996
3.644876239686834,1.5136099057236707,25.638822689876015,1.506,4.376,31.218999999999998
3.6505368508325104,1.5149884292315579,25.611827403802625,1.507,4.381,34.077999999999996
3.6562380019358947,1.512162942832373,25.600586146901772,1.507,4.386,36.937999999999995
3.6617586713303387,1.513064619948592,25.58182674375276,1.507,4.392,39.812999999999995
3.6671538027571784,1.5116770412659102,25.56355555201018,1.506,4.397,42.672
3.6721781133971776,1.5121144360952197,25.546578930254785,1.507,4.403,45.562999999999995
3.6774090898611878,1.5150358128750971,25.532696890290463,1.506,4.408,48.452999999999996
3.6825162061240277,1.5110215230140231,25.526757590103458,1.507,4.413,51.327999999999996
3.6872245633264176,1.5111106570455315,25.512896685829176,1.507,4.419,54.187999999999995
3.6918126396253768,1.514589715384535,25.50958551931496,1.506,4.424,57.047
3.696365760408748,1.5135407140101962,25.4901595518486,1.507,4.424,59.922
3.7008088086342203,1.5124504832839718,25.48090072579049,1.507,4.43,62.827999999999996
3.705109000434352,1.5120889347897004,25.459687086337716,1.506,4.435,65.719
3.709255245987883,1.5128705974599395,25.458065478820117,1.506,4.44,68.68799999999999
3.713608851560845,1.5133139177123984,25.430440827881302,1.506,4.446,71.61
3.7174304487816086,1.5148563081425936,25.42744660495078,1.507,4.446,74.51599999999999
3.7213486565034852,1.5128850227711943,25.402927828312464,1.507,4.451,77.407
3.725600578477182,1.5125897998038245,25.388382560066447,1.507,4.457,80.31299999999999
3.729244375874043,1.5135282251652062,25.380227078515436,1.507,4.462,83.219
3.7328648023432427,1.5161005826931155,25.361348850996755,1.507,4.462,86.203
3.736640832387945,1.511350923047367,25.351175939597326,1.507,4.467,89.14099999999999
3.7402679664804435,1.5141367612991072,25.344572803204816,1.506,4.467,92.078
3.7437945250416718,1.5151830257345065,25.34885688949241,1.506,4.473,95.0
3.747361023533092,1.5140552109040866,25.32858161992022,1.507,4.478,98.0
3.7508253145835844,1.5134710958554407,25.314806589009134,1.507,4.484,100.953
3.7539684946141665,1.5134013662796544,25.304394326461814,1.507,4.484,103.89099999999999
3.7573630633546355,1.5112274741206748,25.298146172960386,1.506,4.489,106.922
3.760739580664265,1.5114808547756764,25.291167999932,1.507,4.489,109.89099999999999
3.763776361683862,1.512860914838753,25.264700787041164,1.507,4.494,112.907
3.7671371673726655,1.5145906647740852,25.25913466593359,1.507,4.5,115.875
3.770004109007077,1.5156188566928626,25.244270315157518,1.507,4.5,118.89099999999999
3.7730743121475903,1.512763267722048,25.231851580623058,1.507,4.505,121.875
3.776070647566867,1.5167782861575942,25.22067553895458,1.506,4.505,124.907
3.7789083725187855,1.5154503479242798,25.213471844107765,1.507,4.511,127.922
3.7819887182899112,1.5130095526855416,25.205129984604493,1.507,4.511,130.90699999999998
3.784844877721991,1.5155509740051323,25.194273077998414,1.507,4.516,133.938
3.787785604190888,1.5151279050776112,25.184927787113228,1.506,4.516,136.953
3.7903796060315993,1.512129715642826,25.173813861432006,1.506,4.521,139.985
3.7926938779391386,1.5143105095445206,25.16170424624002,1.507,4.527,143.0
3.7955417236484603,1.5173353462260692,25.1516775079324,1.506,4.527,146.03199999999998
3.79800658346238,1.5109167293212264,25.147246322487057,1.507,4.532,149.063
3.800681541189508,1.5111855937422776,25.130070440277372,1.507,4.532,152.094
3.8032983239960023,1.5170692186262993,25.12116626734987,1.507,4.532,155.23499999999999
3.805727918756727,1.5145081556997306,25.108027752519885,1.507,4.538,158.297
3.808089837236158,1.514114234980792,25.106340310092587,1.507,4.538,161.35999999999999
3.8103713098881355,1.5124046006507175,25.096182209113344,1.506,4.543,164.438
3.812749637864209,1.5124303835518227,25.083915330522363,1.507,4.543,167.563
3.8145016427799674,1.514672311167625,25.07692416794438,1.507,4.548,170.641
3.817073115655495,1.5122448770927084,25.071128005600087,1.507,4.548,173.75
3.819042554186478,1.514778378087712,25.05735324883869,1.507,4.548,176.828
3.8208032476956015,1.5159756792263053,25.046275292905605,1.506,4.554,179.938
3.8228702027182035,1.512345197418385,25.03973145243564,1.506,4.554,183.078
3.8248828884235233,1.509367631939952,25.032264787881886,1.507,4.554,186.219
3.826643278338772,1.5145130367225774,25.017891420892102,1.507,4.559,189.344
3.828043217543586,1.5134477651961296,25.0076056928132,1.507,4.559,192.469
3.8295444163974666,1.5110827723932085,25.004888044357273,1.507,4.559,195.61
3.8310412221389982,1.5127924187598853,24.989696974572702,1.507,4.565,198.719
3.8329365228001797,1.5125905598583194,24.991827719928832,1.506,4.565,201.875
3.8343262430608895,1.5126021627810429,24.979301002164117,1.506,4.565,205.063
3.835516032786026,1.5132914341251391,24.978274556579482,1.507,4.565,208.219
3.8363401624386766,1.510948256702933,24.9694762141395,1.507,4.565,211.375
3.8376245623247724,1.5133456541637742,24.952084714740316,1.507,4.57,214.547
3.8384384662669757,1.5136602589910644,24.9515433613341,1.506,4.57,217.766
3.839444003702898,1.5123233165339134,24.949389255248406,1.507,4.57,220.953
3.8406199356497375,1.514099621397702,24.942634871914468,1.507,4.57,224.125
3.841327685709908,1.5162986376651988,24.939930561551833,1.506,4.57,227.313
3.8425173147116842,1.51454522710837,24.93482225263317,1.507,4.575,230.53199999999998
3.8430659604599042,1.5138340671072672,24.92878419091579,1.507,4.575,233.813
3.843831735295864,1.5134637162781759,24.92681682437156,1.507,4.575,237.047
3.844702142913163,1.5109788120357464,24.917916078627815,1.507,4.575,240.28199999999998
3.8455111305890175,1.511570020491387,24.912409907796057,1.507,4.575,243.578
3.846139065154103,1.5151498425447554,24.903214818454302,1.507,4.575,246.86
3.846914403276241,1.5114366573071885,24.90569377097647,1.506,4.575,250.11
3.847563807039356,1.5153570381891293,24.898798493873734,1.507,4.575,253.422
3.8480871031923676,1.5145463252768916,24.895722204158545,1.507,4.581,256.688
3.848844252172013,1.5160053562850704,24.89589966222815,1.507,4.581,260.0
3.8493463814388815,1.512697434233052,24.886803925253385,1.507,4.581,263.328
3.8499722133623915,1.5126060110589195,24.87743773811417,1.507,4.581,266.641
3.850792939610936,1.5161292759402905,24.879677534772238,1.506,4.581,269.969
3.851319463292268,1.5129681003439137,24.871451348191055,1.507,4.581,273.282
3.851931161425711,1.5134808465619896,24.871002957195884,1.507,4.581,276.625
3.8526107961056906,1.5146354319357025,24.861971102823507,1.507,4.586,280.016
3.853117311405405,1.515395333981545,24.854596823765668,1.506,4.581,283.391
3.853473760350237,1.5113100258989611,24.85781561808335,1.506,4.586,286.766
3.8543822830356804,1.5123535126754646,24.856144308151105,1.507,4.586,290.141
3.8547551680894547,1.5130656172033694,24.85430632861388,1.507,4.586,293.547
3.8555917375044393,1.5155613612160332,24.851933756004378,1.506,4.586,296.969
3.856148835848741,1.5131924225918592,24.847944298443316,1.507,4.586,300.375
3.856864967651387,1.5119095847607809,24.836083941183333,1.507,4.586,303.797
3.857537446232512,1.5131712929384393,24.821206636366632,1.506,4.586,307.219
3.858094284331348,1.5124154340892406,24.837264820133882,1.507,4.592,310.672
3.8585361666811258,1.5139577705352323,24.82897443653948,1.507,4.592,314.25
3.859104356428043,1.5162462784058448,24.81687136935982,1.507,4.592,317.75
3.8602112720190713,1.513602009649761,24.820677965416838,1.507,4.592,321.235
3.860755895293498,1.5156061805103462,24.8259394595157,1.507,4.592,324.719
3.8612561298225514,1.513217547060271,24.82218672356897,1.507,4.592,328.219
3.8622460835314807,1.517464295833346,24.822198904310543,1.507,4.592,331.797
3.862693978914699,1.5128638406999257,24.81931608376096,1.507,4.592,335.313
3.863430331911561,1.5109748301357668,24.800866086065085,1.507,4.592,338.813
3.8636997956338495,1.5132518742508474,24.7964035968742,1.507,4.597,342.344
3.864906161002611,1.5139199037995346,24.80162452114627,1.507,4.592,345.953
3.865180930226358,1.5135876920028095,24.796420119804136,1.506,4.597,349.547
3.8660481066029,1.5127427535325062,24.795490088609924,1.507,4.597,353.125
3.866790976464507,1.51225517417105,24.795111145899565,1.507,4.597,356.735
3.8674271372915765,1.5161268058923163,24.790187519671417,1.507,4.597,360.328
3.86812260247908,1.5143808380117239,24.782055618081934,1.507,4.597,363.969
3.8688812762654816,1.5139808593970594,24.7858805357595,1.507,4.597,367.578
3.869485705016465,1.5123067900975808,24.790486328021334,1.507,4.597,371.235
3.8703895138654714,1.5139909024898066,24.78514032482558,1.507,4.602,374.938
3.870732151700155,1.511464441796413,24.78825152465701,1.507,4.602,378.641
3.8715261236780663,1.5149760053784862,24.782427436722948,1.507,4.602,382.344
3.87222856938857,1.5112870718777602,24.78448837420131,1.507,4.602,386.032
3.872918233757392,1.5122160516019794,24.78074287156557,1.507,4.602,389.735
3.8736446821355437,1.5136892456968731,24.77500538665629,1.506,4.602,393.485
3.874447607469736,1.515981552990283,24.76715885898699,1.506,4.608,397.282
3.8749849583101628,1.5160620668365619,24.774657580820058,1.507,4.602,401.063
3.875788879894016,1.5132915686378687,24.77643340706809,1.507,4.608,404.844
3.876565983784884,1.5154519031779952,24.77467807651314,1.506,4.608,408.61
3.8773039898272885,1.511807291685145,24.769709852081352,1.507,4.608,412.422
3.8779241942022162,1.5132284438576098,24.76400028778452,1.506,4.608,416.188
3.878685553893847,1.5127287488755203,24.75769080706327,1.507,4.608,419.953
3.8793567995953833,1.5134451555635366,24.762993689205945,1.507,4.608,423.75
3.880001830617479,1.5132856810013118,24.760929101063,1.507,4.613,427.563
3.880533382534753,1.5131288206878555,24.75603113929883,1.506,4.608,431.375
3.8814197505245946,1.5139273723725282,24.760045397541028,1.507,4.613,435.25
3.88193017642492,1.5162391761910716,24.76391555954079,1.507,4.613,439.11
3.8829397106821513,1.5128210037644594,24.766489908701015,1.507,4.613,443.032
3.8834192143753086,1.5132923745020401,24.761441621581817,1.507,4.613,446.922
3.8841376291494916,1.5141115478081637,24.763508302347294,1.507,4.613,450.875
3.8849676393655126,1.5125514768153296,24.75371771306927,1.507,4.613,454.766
3.8853151630793303,1.5109460280223248,24.758794058948283,1.506,4.619,458.719
3.886298214139964,1.5146200030901393,24.76217790139333,1.507,4.619,462.657
3.8868437142376844,1.5148045327511814,24.763704433174347,1.507,4.619,466.625
3.8876421693811647,1.512370842461807,24.759892914911585,1.507,4.619,470.641
3.888566153379268,1.5174537131945216,24.763651950934886,1.507,4.619,474.641
3.8893704185813234,1.5122099771223434,24.7644994969928,1.507,4.619,478.657
3.889722297287838,1.5114862050345097,24.76654121994701,1.507,4.619,482.672
3.8905922122912795,1.5121907481993886,24.75537501536789,1.506,4.619,486.735
3.8913637134357213,1.5169356460770163,24.752010742103746,1.507,4.619,490.828
3.89203844952308,1.5150225909610489,24.760229419269518,1.507,4.624,494.891
3.892760755141031,1.5164779930846597,24.757419115538543,1.506,4.624,498.938
3.8936537576392007,1.5122210653820938,24.75643953996152,1.507,4.624,503.016
3.8940272601136856,1.5153066572392835,24.7550155320297,1.507,4.624,507.11
3.8948411116170236,1.5155922066958347,24.76133981671617,1.507,4.624,511.203
3.89569663754572,1.5137214042008047,24.755994554547346,1.507,4.624,515.313
3.896176658087822,1.511835423453353,24.758964054577184,1.507,4.624,519.469
3.8964772539856027,1.5165521590488824,24.75694992122186,1.507,4.629,523.641
3.897644626023635,1.5102433248946172,24.75898043378372,1.506,4.629,527.875
3.8983858431253373,1.5127044820082112,24.765594679020808,1.507,4.629,532.063
3.8991709915596604,1.5136053830511624,24.75576576918276,1.507,4.629,536.344
3.899471750955007,1.5148254562710668,24.74689041923444,1.507,4.629,540.563
3.900523960388581,1.5144294024890046,24.760132090258512,1.507,4.629,544.86
3.9009900853342017,1.5112317738864485,24.761291418991387,1.507,4.629,549.157
3.9019448545853095,1.5169022261122262,24.77016579889104,1.507,4.635,553.438
3.9030196308116807,1.5125452964728041,24.755667377441533,1.507,4.629,557.735
3.903281504362345,1.5150826254537066,24.767127563591988,1.507,4.635,562.094
3.904017695224295,1.515857647701512,24.757761523834628,1.507,4.635,566.407
3.9047023423430405,1.5124290515384744,24.773938429327597,1.507,4.635,570.766
3.9053032567651607,1.5126814126240316,24.771689495249397,1.507,4.635,575.141
3.906142340421018,1.5140438162409764,24.76912443439833,1.507,4.635,579.547
3.9069210944482773,1.5123102572635196,24.778530984071303,1.507,4.635,583.953
3.907800845936366,1.5125419154943467,24.772158051605565,1.507,4.635,588.407
3.908230252555842,1.5119357998437748,24.77470594312079,1.507,4.64,592.828
3.908870255710006,1.5149235928125118,24.769121510828274,1.507,4.64,597.266
3.9094906092071344,1.5114261426923699,24.767752404084668,1.507,4.64,601.735
3.9101617307872667,1.5141241364306974,24.769038554279394,1.507,4.64,606.282
3.9113077271094236,1.514534335602021,24.768345319257115,1.507,4.64,610.782
3.911596124302376,1.5156531302634295,24.78009279641408,1.507,4.64,615.313
3.91239103494355,1.5145008016587198,24.774555130577376,1.507,4.64,619.86
3.9129674788517907,1.510472614526422,24.77901415340301,1.507,4.64,624.407
3.913705945833033,1.5146625494572847,24.780023320173143,1.506,4.646,628.985
3.914485884357836,1.514930902695104,24.778146729730388,1.507,4.646,633.563
3.914872088143872,1.5121837750432454,24.783027827393262,1.507,4.646,638.188
3.915507123648935,1.51323809209196,24.783874856678278,1.507,4.646,642.813
3.9166428178613506,1.5136834389308578,24.786669084124767,1.507,4.646,647.438
3.917143649986575,1.5155063383416922,24.780907892711216,1.507,4.646,652.203
3.9179348471491755,1.5183222352154135,24.788367597109254,1.507,4.646,656.953
3.918622228455236,1.513264313304379,24.78124214810606,1.507,4.651,661.672
3.9191600985683306,1.512701052394095,24.786857088236975,1.507,4.646,666.391
3.919741621296574,1.5158476845986333,24.787668576119714,1.507,4.651,671.094
3.920485309145506,1.5131962517513113,24.783269582578377,1.507,4.651,675.844
3.921215922238003,1.512518299106144,24.790548200280984,1.507,4.651,680.625
3.92174325331538,1.511380658984123,24.784886283892213,1.506,4.651,685.485
3.9222803830705013,1.514393304253113,24.788900972768143,1.506,4.651,690.313
3.922971840902534,1.5172372068376387,24.79460011881976,1.507,4.651,695.125
3.9237417929589378,1.5141418787546193,24.79023345603352,1.506,4.656,699.985
3.9244023477296603,1.5172924697455825,24.794455273639983,1.507,4.656,704.844
3.9251099170126635,1.5132086220147751,24.79243830007246,1.506,4.656,709.735
3.9256938025967534,1.511700454024205,24.789473804342045,1.506,4.656,714.688
3.926325515024567,1.5107967478620337,24.79159020762507,1.507,4.656,719.594
3.92663662795085,1.5124217571255176,24.795867763128744,1.507,4.656,724.547
3.927396877671506,1.514031463938085,24.795261973764866,1.507,4.656,729.563
3.928491695771548,1.515980731307713,24.80163229825398,1.507,4.656,734.594
3.9287995393160235,1.5132846499127997,24.805796126223225,1.507,4.656,739.594
3.9292150187298236,1.5125729251015259,24.807605402509775,1.506,4.656,744.61
3.929876486333457,1.517086311790285,24.812802760879862,1.507,4.656,749.641
3.9305739824507944,1.5139314944017264,24.821575019736613,1.507,4.662,754.672
3.9310149345282337,1.5126415934865378,24.813583552929778,1.507,4.662,759.735
3.9318263037565693,1.5148727188410176,24.81270368887582,1.507,4.662,764.844
3.932396234462507,1.5125489198263316,24.811035983684388,1.507,4.662,770.032
3.932860430765366,1.514724222500502,24.816292771750565,1.507,4.662,775.157
3.933392897390071,1.5139786955573018,24.811358333758648,1.507,4.662,780.36
3.933956338037342,1.512347407453039,24.816384600298967,1.507,4.662,785.532
3.934644300311683,1.5139743947447437,24.809509366495647,1.506,4.662,790.75
3.935152378613891,1.5142989684797652,24.813963005802812,1.507,4.662,796.032
3.9358153059168672,1.5133071548427997,24.81328130799279,1.507,4.667,801.25
3.936509310538316,1.5138633579583791,24.82209462469864,1.507,4.667,806.532
3.936946732371821,1.514712610947479,24.82224494928729,1.507,4.667,811.813
3.937073750694301,1.5104417654403224,24.833372539005016,1.507,4.667,817.141
3.9376161824220204,1.5115645204472743,24.82744100857702,1.507,4.667,822.516
3.938571530365789,1.5140865794925382,24.82345955502111,1.507,4.667,827.891
3.939057186666797,1.5134153120636713,24.832951667828855,1.506,4.667,833.235
3.9395905340491932,1.5144757401379756,24.832745496461765,1.507,4.667,838.61
3.9398444001302964,1.5151801634801816,24.822621382828107,1.507,4.667,844.032
3.9403235551760836,1.5141815960831764,24.827049181806302,1.506,4.667,849.516
3.9409530775671677,1.5125060682252076,24.8336041358723,1.507,4.672,854.969
3.9415215926510174,1.5108104391391461,24.840823175954846,1.507,4.672,860.532
3.942291009816178,1.516053048977402,24.83790245695878,1.507,4.672,866.032
3.9425128211155878,1.515555818740773,24.845809852048802,1.507,4.672,871.563
3.943001075198627,1.5160217428764018,24.84073361405739,1.507,4.672,877.141
3.9436035492576633,1.5119673529842272,24.845461973676567,1.507,4.672,882.688
3.944026643594575,1.513347852618602,24.847760375262233,1.507,4.672,888.297
3.9444454358760312,1.5143191930304583,24.8545832565615,1.507,4.672,893.953
3.9450358121735998,1.5133747025238389,24.861001242266376,1.507,4.672,899.61
3.945222864692844,1.5149605059401932,24.85744484694357,1.507,4.678,905.266
3.9459700520743763,1.5142561347678987,24.85724442353719,1.507,4.672,911.032
3.946737219503821,1.5147971425087743,24.8654597929056,1.507,4.678,916.719
3.9466668697778498,1.512717301604971,24.86540197930107,1.507,4.678,922.438
3.9472890066867325,1.5144725257905904,24.87029809998054,1.507,4.678,928.188
3.9476930900079443,1.5127151920252686,24.87551498726403,1.507,4.678,933.985
3.94807443201659,1.5116648538480844,24.868669483498007,1.506,4.678,939.766
3.948630708919098,1.5137129669015055,24.875498451443306,1.507,4.678,945.594
3.9489471650938874,1.5156423073305068,24.868394100484227,1.507,4.678,951.438
3.9493861474909537,1.514684789125798,24.87950065016587,1.507,4.678,957.282
3.950105492275155,1.5177250263798328,24.87623148369375,1.507,4.678,963.219
3.9501750391948707,1.5141552162469083,24.87677362944593,1.507,4.678,969.141
3.9510141931109537,1.511508234905469,24.887435759276332,1.506,4.678,975.094
3.951573890424362,1.5153928924076272,24.89111614922594,1.507,4.678,981.078
3.9516953557624013,1.515659426580452,24.897307321831903,1.507,4.683,987.078
3.952005869289389,1.5136452043299,24.902209229205816,1.507,4.683,993.094
3.952703109455606,1.5148756549279445,24.90797719326358,1.506,4.683,999.172
3.953106134061802,1.514483617972022,24.91086487039594,1.507,4.683,1005.235
3.9534873228179026,1.5141742308228001,24.909773631772307,1.507,4.683,1011.391
3.9541756302017657,1.5139708937741003,24.921133227762674,1.507,4.683,1017.469
3.9546278323112456,1.5144766065201485,24.91293073834423,1.507,4.683,1023.625
3.9549459782499383,1.512822890168074,24.924756366629087,1.507,4.683,1029.75
3.955321988411216,1.513087177348784,24.928987508787475,1.507,4.683,1035.922
3.955723444820953,1.5140537875584537,24.926490957666324,1.506,4.683,1042.125
3.956154072348383,1.5109891475629618,24.932877341997887,1.506,4.683,1048.391
3.956653385170774,1.5149411808721684,24.93410579259711,1.507,4.683,1054.563
3.9570273036695034,1.5126826195312995,24.945271523834766,1.507,4.689,1060.828
3.9575338365745445,1.5141523418190768,24.94542706761526,1.507,4.689,1067.11
3.958146649619847,1.514948470580813,24.952837286476004,1.507,4.689,1073.485
3.958413713500281,1.5134665996084862,24.955146840741637,1.507,4.689,1079.813
3.959046809553679,1.5127471501372132,24.9533169277186,1.507,4.689,1086.219
3.959398856581569,1.5126992006162736,24.956024626687196,1.507,4.689,1092.61
3.959653489075435,1.5145117444519642,24.96152585607031,1.507,4.689,1099.063
3.9604107338800776,1.5112536680928637,24.978082907521404,1.507,4.689,1105.547
3.9609708828615964,1.5166480958740802,24.963406964173153,1.507,4.689,1112.0
3.9613468878837503,1.5136685281978484,24.985349348500634,1.507,4.689,1118.516
3.9619444346127257,1.5150876939291207,24.983681499223625,1.507,4.694,1125.063
3.9624178718006817,1.5133055017222987,24.987889083007207,1.507,4.689,1131.625
3.9628537171480693,1.513433138317283,24.994377929745205,1.507,4.694,1138.235
3.9633534716796004,1.5151697199021392,25.00479356275715,1.507,4.694,1144.844
3.96362454058235,1.511714187673239,25.011438828867366,1.507,4.694,1151.485
3.964277177184697,1.5160354060402286,25.010020790191646,1.507,4.694,1158.203
3.9649656175894648,1.5114207613373587,25.016351880615378,1.507,4.694,1164.875
3.9653941689878094,1.5149461614388415,25.017553802187336,1.506,4.694,1171.641
3.9658613275315076,1.5136031249315436,25.023773937509525,1.507,4.694,1178.328
3.9664144268351427,1.5159532167410488,25.037246336891343,1.507,4.694,1185.125
3.967049487495115,1.5128701498610593,25.05015901107115,1.507,4.699,1191.953
3.9677244590455683,1.5167792906911373,25.049136876214437,1.507,4.699,1198.75
3.968064493302696,1.5146701067801318,25.062797156049772,1.507,4.699,1205.61
3.9686257064785284,1.5146265613822583,25.065755894178846,1.507,4.699,1212.469
3.9693288258167243,1.51087342646489,25.073656083175592,1.507,4.699,1219.36
3.970017270669221,1.5141067087914868,25.07736290729255,1.507,4.699,1226.266
3.9701243092196123,1.5167531726444372,25.075371907971807,1.507,4.699,1233.219
3.9711320319951766,1.5145491171407988,25.079832879943158,1.507,4.699,1240.203
3.971335298712652,1.5155852493498734,25.084431470472524,1.507,4.699,1247.172
3.9721052869944766,1.515883496503162,25.08510074413747,1.507,4.699,1254.188
3.9727003071592377,1.5141808189729367,25.096006188654272,1.507,4.699,1261.25
3.973619613253232,1.5142501733186946,25.10412053509642,1.507,4.699,1268.391
3.9737528312511974,1.5118092768614662,25.11406086213507,1.507,4.705,1275.485
3.9740137052693045,1.513441955336781,25.126224103884102,1.507,4.705,1282.625
3.974691155393239,1.512451726679585,25.13584973285796,1.507,4.705,1289.782
3.975395098905204,1.5151457150336982,25.137073118169475,1.507,4.705,1296.953
3.976071626990939,1.515113499619919,25.146179508541692,1.506,4.705,1304.203
3.9764239713963625,1.5121995980490892,25.15675411948743,1.506,4.705,1311.438
3.976864764658921,1.5120309630204425,25.15955803237987,1.507,4.705,1318.703
3.977625361850065,1.5158741689425523,25.163506568952155,1.506,4.705,1326.063
3.978150431868314,1.5129985528929975,25.17286870742687,1.507,4.705,1333.391
3.9789392764737226,1.513137935920043,25.176063010467608,1.507,4.71,1340.813
3.979280442930646,1.51330348791367,25.19646570542551,1.507,4.71,1348.188
3.979827237651182,1.5140935376243811,25.186842706668987,1.507,4.71,1355.61
3.9805318572417905,1.5149083396119485,25.201551097356823,1.507,4.71,1363.063
3.9811369418358,1.5136301985753533,25.203135713202833,1.507,4.71,1370.563
3.9818305619033922,1.5136293102760234,25.22075141435366,1.507,4.71,1378.094
3.9823098455000627,1.5133535113338306,25.225113772322832,1.507,4.71,1385.61
3.9832287816140526,1.5161947370298665,25.230599883827015,1.507,4.71,1393.157
3.9835321891067674,1.5125842807203762,25.23534197726472,1.507,4.71,1400.719
3.984314173167859,1.5144538525427347,25.23913230260576,1.507,4.716,1408.313
3.984706535757182,1.5129321250323966,25.24897433131406,1.507,4.716,1415.953
3.9852960130210744,1.5140229620891825,25.252798893823687,1.507,4.716,1423.625
3.9858234966507036,1.5126292644030492,25.267905709069698,1.507,4.716,1431.282
3.9863775331827007,1.5166420213764433,25.27232135527844,1.507,4.716,1439.0
3.986765612170861,1.509060561731668,25.29191276263659,1.507,4.716,1446.719
3.9876202311152715,1.5115923222494352,25.287594762146924,1.507,4.716,1454.485
3.9881019051428,1.5152615795299302,25.297732520717254,1.507,4.716,1462.266
3.9888103525282967,1.5151447572017898,25.31387488907341,1.507,4.721,1470.094
3.9891930323105145,1.5159076204104283,25.320695447567896,1.507,4.716,1477.922
3.989659750821397,1.5124472370546567,25.32988945189589,1.507,4.721,1485.782
3.990487354978264,1.5116165244201003,25.33980148251685,1.507,4.721,1493.688
3.991021024659318,1.515859661939763,25.347132095601374,1.507,4.721,1501.61
3.991277300091977,1.5113719144556086,25.351297586928077,1.507,4.721,1509.532
3.9920169019515095,1.5120016037786836,25.364021123195336,1.507,4.721,1517.375
3.992777273176729,1.5144939571563558,25.382857238909754,1.507,4.721,1525.313
3.993133274209533,1.5144889360004277,25.378867989469644,1.507,4.721,1533.328
3.994148976522055,1.5135596447354889,25.394982925331217,1.507,4.721,1541.313
3.9945426689938146,1.5141193384045677,25.39350106259419,1.507,4.726,1549.344
3.9951383342597553,1.5160506089665762,25.41445153535855,1.506,4.726,1557.391
3.9954828105111946,1.5168990949011807,25.41793218875522,1.507,4.726,1565.469
3.996489611738839,1.5148615278391269,25.42877747868696,1.507,4.726,1573.625
3.9967941368846285,1.5162193038492866,25.436682124773384,1.507,4.726,1581.766
3.9977032562210253,1.5160400798572182,25.44674415757741,1.507,4.726,1589.891
3.9980827255083877,1.5087252140174638,25.45870900192073,1.507,4.726,1598.094
3.998651665853696,1.511589860748907,25.46841785694157,1.507,4.726,1606.313
3.9994497565625706,1.5168842166895355,25.486426068492197,1.507,4.726,1614.407
3.9997660404443316,1.5148021066189925,25.486919032989046,1.507,4.732,1622.532
4.000427645109365,1.513104854553468,25.490339678383457,1.507,4.726,1630.688
4.000985327776123,1.515003112296597,25.512528169716465,1.507,4.732,1638.86
4.001786796421693,1.5151981607153795,25.526727542546535,1.507,4.732,1647.125
4.002337907722329,1.516641109452717,25.53082387274501,1.507,4.732,1655.344
4.003004886892426,1.514877032685079,25.534647728245954,1.507,4.732,1663.688
4.003721577696596,1.5167145556361707,25.553829486271773,1.507,4.732,1671.985
4.00418705449308,1.5158485628268323,25.572379964974424,1.507,4.732,1680.313
4.004661044161781,1.5169250537895642,25.575302455665337,1.507,4.737,1688.703
4.005191694872773,1.5156864932635703,25.587627416513957,1.507,4.737,1697.094
4.0058658672998355,1.5178837721584242,25.599267539759275,1.507,4.737,1705.532
4.006717369107406,1.5142711945861926,25.607542998949555,1.507,4.737,1714.0
4.007420673860192,1.5116260219515287,25.61172450897274,1.507,4.737,1722.5
4.007895422011931,1.5123381503013809,25.61571782195753,1.507,4.737,1731.078
4.008865243378033,1.513471064312482,25.637872755836618,1.507,4.737,1739.641
4.009399933593073,1.512747939538194,25.655839816243883,1.507,4.737,1748.297
4.009861920624184,1.514107612290438,25.658768801277848,1.507,4.743,1756.922
4.010612527937898,1.5149713591649487,25.666839088285233,1.507,4.743,1765.578
4.011244511621527,1.514524593777925,25.683580656747562,1.507,4.737,1774.282
4.011936631144241,1.5147958977053348,25.694692771566157,1.507,4.743,1783.032
4.0132968972222445,1.5172405586433229,25.708303103165488,1.507,4.743,1791.782
4.013371672229673,1.5113533557877323,25.720614138665027,1.507,4.743,1800.563
4.014088367467681,1.514132703708568,25.73359511661586,1.507,4.743,1809.11
4.014694493122844,1.5150788475480412,25.74618965779571,1.507,4.743,1817.719
4.015660126299904,1.5169588121570052,25.75187541058925,1.507,4.748,1826.328
4.0161981926306725,1.5128047890565168,25.758356254196197,1.507,4.748,1835.047
4.01685502486257,1.51380123851313,25.77998198673771,1.506,4.748,1843.75
4.017442377170971,1.5147645980739317,25.784492793705642,1.507,4.748,1852.469
4.0180226022220324,1.5152837229042733,25.787230251318803,1.507,4.748,1861.219
4.019188945559163,1.514767093273113,25.815285229631844,1.507,4.748,1870.0
4.019692311647541,1.5130522688532868,25.828168964162675,1.507,4.748,1878.813
4.02071610108978,1.5132139857979003,25.83352990614319,1.507,4.748,1887.719
4.021264524846523,1.5153845750055184,25.839849366342143,1.507,4.748,1896.563
4.021732364167318,1.5104243943203222,25.855798012298273,1.507,4.753,1905.469
4.022706801499249,1.5157465535758607,25.877876614345993,1.507,4.753,1914.407
4.0234638946632595,1.5139173791692055,25.885786452909585,1.507,4.753,1923.407
4.024405934655814,1.5169003952997042,25.895087316705627,1.507,4.753,1932.453
4.025033140453465,1.5145420869910495,25.91182101439982,1.507,4.753,1941.532
4.025499749583498,1.5144665090053713,25.9209662442966,1.507,4.753,1950.578
4.026391115846423,1.511727010400431,25.93582678039837,1.507,4.753,1959.672
4.027400484705724,1.514347457618445,25.953099103269356,1.507,4.759,1968.766
4.028089353097579,1.5145678547253125,25.961571333801007,1.507,4.759,1977.922
4.028954576854188,1.5127242628872204,25.970562311210244,1.507,4.759,1987.141
4.029732579257196,1.5135532227847124,25.98461118344353,1.507,4.759,1996.36
4.030759309799613,1.5144108713516093,26.00023219447,1.507,4.759,2005.61
4.031297597438334,1.5124816959976837,26.012747203798558,1.507,4.759,2014.297
4.032342139763514,1.5155618795900099,26.030899430106825,1.507,4.764,2022.953
4.033058199604054,1.5119210563197902,26.03661522413123,1.507,4.764,2031.625
4.033665377387176,1.5180333723548374,26.0445352541457,1.507,4.764,2040.375
4.034769142958178,1.5132435111961697,26.060194738790713,1.507,4.764,2049.172
4.035341964758176,1.514371103660341,26.076857326063024,1.507,4.764,2058.0
4.036357889440588,1.5131219305216046,26.087441860634954,1.507,4.764,2066.891
4.0371089878897495,1.5140308877738808,26.098335677988473,1.507,4.77,2075.766
4.0382312381017496,1.5114467624764838,26.114406014101693,1.507,4.77,2084.719
4.038888820680459,1.5141328677894552,26.126398772787006,1.507,4.77,2093.641
4.039744515190557,1.5156265177601558,26.142737972088295,1.507,4.77,2102.625
4.040507782866933,1.5124767252602433,26.155429453140453,1.507,4.77,2111.703
4.041423093689424,1.5156422143046178,26.164660875357356,1.507,4.77,2120.782
4.042429264645484,1.513240511057897,26.181160300358837,1.507,4.77,2129.907
4.04315996881082,1.5144133322745357,26.19274115952184,1.507,4.775,2139.0
4.043877526133482,1.5123116092236428,26.20991939022342,1.507,4.775,2148.125
4.045001004906647,1.5134814222625674,26.22002378205008,1.507,4.775,2157.297
4.046023855900056,1.5169943245709856,26.23854746476478,1.507,4.775,2166.516
4.046996564835291,1.5118897456378566,26.24799299745245,1.507,4.775,2175.735
4.047595219112863,1.5148230258284527,26.261617100406657,1.507,4.78,2185.0
4.048597214075293,1.510902220505311,26.27110311178839,1.507,4.78,2194.313
4.049769401853653,1.5140005176744686,26.276504585156,1.507,4.78,2203.61
4.050502111354716,1.5134349366299882,26.30803716800031,1.507,4.78,2212.969
4.051685866569552,1.509744499802208,26.316094418657492,1.507,4.78,2222.36
4.052352245666825,1.5103097482046264,26.33444180610146,1.507,4.78,2231.766
4.0533403146323135,1.5151987877040252,26.347790435999123,1.507,4.786,2241.157
4.054306402815145,1.5146061697265882,26.36083347474149,1.507,4.786,2250.657
4.0554115272313735,1.5160048441253042,26.37723554870303,1.507,4.786,2260.157
4.056439273378822,1.5132609710876335,26.382880530083195,1.507,4.786,2269.719
4.0577175076337255,1.5132504187334272,26.400462500184126,1.507,4.786,2279.282
4.058572170021678,1.5141918693255692,26.417333447159436,1.507,4.786,2288.86
4.0595856723231005,1.514156595766385,26.425677056541346,1.507,4.791,2298.5
4.060796504497132,1.5128604538616184,26.441988003004536,1.507,4.791,2308.157
4.06154115680788,1.5156949252695322,26.465374193648177,1.507,4.791,2317.86
4.062884500804449,1.5158497576901087,26.472836765350102,1.507,4.791,2327.594
4.0636138938726045,1.5147024071418682,26.485876318677136,1.507,4.791,2337.36
4.064846498234121,1.5141350585633986,26.508151620611077,1.507,4.797,2347.219
4.065693531008434,1.5148717020067557,26.517749130402535,1.507,4.797,2356.985
4.067324298745099,1.5137803025274668,26.53175382489448,1.507,4.797,2366.907
4.0682569904513,1.5146023149716072,26.55455427109761,1.507,4.797,2376.813
4.0692964454813865,1.5159618318221906,26.55901567297517,1.507,4.797,2386.75
4.070769281243014,1.5139639623329275,26.568633295492546,1.507,4.802,2396.782
4.0715603775471605,1.5145612720729962,26.589723551308747,1.507,4.802,2406.813
4.073002680735774,1.511961955129756,26.60597202699511,1.507,4.802,2416.844
4.074086722725818,1.5123812018010168,26.630110627951044,1.506,4.802,2426.938
4.0751260300509635,1.511639989287402,26.643784954701736,1.507,4.807,2437.094
4.076618907403296,1.5118144988778817,26.652978440424103,1.507,4.807,2447.25
4.077894297969477,1.514731297002664,26.6717687884545,1.507,4.807,2457.422
4.079135694847891,1.5149128828146494,26.68060056733097,1.507,4.807,2467.688
4.080243770732508,1.5134845593234778,26.702646408942645,1.507,4.807,2477.953
4.081483368445799,1.5149051028263048,26.716425360159114,1.507,4.813,2488.172
4.082795959900232,1.514295094005712,26.732008285545554,1.507,4.813,2498.563
4.084109900574637,1.5150885274103554,26.755764130705998,1.507,4.813,2508.922
4.085225614761871,1.5119821504264845,26.754669988763027,1.507,4.813,2518.641
4.086363006328364,1.5135672474205097,26.762186450480186,1.507,4.818,2528.36
4.087770513356639,1.5137403023572655,26.78827916864385,1.507,4.818,2538.125
4.088837001938692,1.5163311905986006,26.798021836629385,1.507,4.818,2547.969
4.090181733718632,1.5139281594430045,26.81194240355756,1.507,4.824,2557.828
4.0913530304200325,1.5150332160522648,26.820330225307096,1.507,4.824,2567.735
4.092704741256529,1.5118101910295,26.83696289474998,1.507,4.824,2577.672
4.093979768500347,1.5108106370112173,26.855008241335224,1.507,4.824,2587.703
4.095392068142154,1.512271063542879,26.87529854688095,1.507,4.824,2597.703
4.096423590274794,1.5140873213583765,26.88209634595405,1.507,4.829,2607.782
4.09777322142881,1.513941076989773,26.8917651610063,1.507,4.829,2617.844
4.099389410627591,1.5152896209454232,26.908538605794522,1.507,4.829,2627.953
4.100543534844485,1.5139651510706107,26.92511711440419,1.507,4.829,2638.11
4.102153409577645,1.5140240530255729,26.947565978072237,1.507,4.834,2648.282
4.103356814944989,1.5142352293923202,26.95692260916881,1.507,4.834,2658.485
4.104937476999154,1.5146934123098856,26.976466059243954,1.507,4.834,2668.719
4.106157561038018,1.5127600018666354,26.992335120367148,1.507,4.834,2679.016
4.107459308781793,1.515288344742129,27.005695857417564,1.507,4.834,2689.313
4.108834357553882,1.5113249818984524,27.016405209290184,1.507,4.84,2699.641
4.1104214676804744,1.51448964395283,27.034295443471525,1.507,4.84,2710.0
4.111714807436789,1.511585477318929,27.055379982333204,1.507,4.84,2720.344
4.113473147792397,1.5115718370196836,27.07297413240782,1.507,4.845,2730.813
4.1148144255717405,1.5139453660432887,27.07972163066417,1.507,4.845,2741.25
4.116238903285587,1.514651641222061,27.0973115720654,1.507,4.845,2751.766
4.117758204235872,1.5130478614290952,27.10439499241067,1.507,4.845,2762.344
4.119480520405641,1.511861686598905,27.11883546045176,1.507,4.851,2772.907
4.1208110949395795,1.5144653276326139,27.137233761879653,1.507,4.851,2783.5
4.1222245475926576,1.5152877479140512,27.15236874732331,1.507,4.851,2794.125
4.123907400896996,1.513224640530909,27.16185843642305,1.507,4.856,2804.828
4.1251601256636805,1.51411316630018,27.173388375412316,1.507,4.856,2815.532
4.126771990372145,1.5154857961497359,27.19306765937069,1.507,4.856,2826.282
4.128420530135046,1.5153958374294065,27.200131852500768,1.507,4.856,2837.063
4.1298813484729235,1.5131789316042337,27.232117114242545,1.507,4.861,2847.875
4.131566869263554,1.513389926527334,27.24431565990972,1.507,4.861,2858.719
4.132857031695585,1.5129927480645942,27.255084418133354,1.507,4.861,2869.625
4.134379946827306,1.5141344760103759,27.273517678102163,1.507,4.867,2880.547
4.136169791554701,1.5144220648057345,27.287486848956465,1.507,4.867,2891.516
4.1378734359423515,1.5125191203300592,27.30701385605243,1.507,4.867,2902.532
4.13920614281077,1.5143016555287507,27.310066572701313,1.507,4.867,2913.61
4.140625744709445,1.5134221745837222,27.32786566337687,1.507,4.872,2924.703
4.142321064454479,1.5143764905807136,27.34656487540848,1.507,4.872,2935.797
4.14414657347756,1.514666553078871,27.356740214933396,1.507,4.878,2946.953
4.145988545696418,1.5126440860837893,27.36809553988345,1.507,4.872,2958.125
4.147508639646574,1.5119870113514484,27.382870105262555,1.507,4.878,2969.344
4.148750760237746,1.5121195706075317,27.40392119218924,1.507,4.878,2980.641
4.150860094834993,1.5135352234113553,27.422527871257184,1.507,4.878,2991.953
4.152513974646571,1.5128574173819556,27.45242565712156,1.507,4.883,3003.297
4.1539332755150005,1.5175959651702018,27.456865244375457,1.507,4.883,3014.032
4.155249328040479,1.5189930467165789,27.464262615143923,1.507,4.883,3024.797
4.157414089310852,1.5129904847169282,27.49802012934914,1.507,4.888,3035.641
4.158356263299872,1.5141223021755796,27.506069437858535,1.507,4.888,3046.407
4.160471688109489,1.515860815049173,27.527967791990747,1.507,4.888,3057.219
4.161922389221723,1.5128670631020804,27.541528070280883,1.507,4.894,3068.078
4.163403299800767,1.5140511445975684,27.551478692199275,1.507,4.894,3079.0
4.165014870068646,1.5128982916719658,27.565275262657416,1.507,4.894,3089.891
4.166663379343709,1.5118792559296226,27.591066021994248,1.507,4.894,3100.907
4.168087237121354,1.5136981685846989,27.601623603144205,1.507,4.899,3111.938
4.16970308630464,1.5136395581557445,27.618250554792095,1.507,4.899,3122.953
4.171391869204104,1.514589860201351,27.637816228075717,1.507,4.899,3134.047
4.172966365836897,1.514722831886509,27.66068555267319,1.507,4.905,3145.172
4.174376022103051,1.5135906452644543,27.687291805737924,1.507,4.905,3156.36
4.175877009161027,1.512819363319454,27.702722175625272,1.507,4.905,3167.61
4.177842705292883,1.5152189411028776,27.71583270262566,1.507,4.91,3178.86
4.17945395149016,1.509964171355994,27.73278813463606,1.507,4.91,3190.141
4.181109998975287,1.5149320702716305,27.763604464526193,1.507,4.91,3201.438
4.182573363581418,1.5128235920763118,27.779216783849883,1.507,4.915,3212.844
4.18407458209718,1.5151571723568624,27.79069524405586,1.507,4.915,3224.266
4.185878156056792,1.5124740980335365,27.820875232715956,1.507,4.915,3235.703
4.18759761227804,1.5133644355125635,27.838354686026243,1.507,4.915,3247.563
4.189067020881727,1.5152301402654058,27.868618379875382,1.507,4.921,3259.141
4.190633681978023,1.5150391870446314,27.892815244964687,1.507,4.921,3270.828
4.192672081723417,1.5133000436528348,27.916310741374357,1.507,4.921,3282.563
4.194294063476795,1.513031121734945,27.943500815665235,1.506,4.926,3294.328
4.195969538741069,1.5179529794309843,27.95975233024496,1.507,4.926,3306.141
4.197825493048147,1.5115877216122955,27.98637834822417,1.507,4.926,3318.016
4.199122655028984,1.5153834247069518,28.010303237184008,1.507,4.932,3329.875
4.20119079730126,1.5132323448621887,28.04277176043758,1.507,4.932,3341.813
4.200127671923678,1.4803122931069534,28.067542728878873,1.474,4.915,3354.094
4.200670641723388,1.4691283263660204,28.08174162666957,1.463,4.91,3366.219
4.201005979793299,1.4563473864486514,28.120587059573126,1.45,4.905,3378.797
4.201110187829411,1.4452975272635267,28.13100773348922,1.439,4.899,3391.157
4.201898138833656,1.434028059500467,28.154305691656113,1.427,4.894,3403.907
4.202067927372906,1.42235385237163,28.17734429961139,1.415,4.888,3416.375
4.202334570671304,1.4077313208662914,28.200842573338686,1.402,4.883,3428.891
4.2025369304679945,1.3982684473470572,28.225643834561875,1.391,4.878,3441.438
4.2026558723893235,1.387147249487371,28.246578902827522,1.379,4.872,3454.032
4.203139417928615,1.37243447619999,28.25389940425375,1.366,4.867,3466.703
4.203557579471419,1.3630049990617659,28.26326557968261,1.355,4.861,3479.407
4.203240039174605,1.3506515378215802,28.298416031151657,1.343,4.856,3492.172
4.203901303948855,1.3360631644422059,28.302019750753942,1.332,4.851,3504.969
4.203939027111505,1.3274420586052749,28.315014431043704,1.319,4.845,3517.063
4.204054214127075,1.3098774328374663,28.316079036614187,1.308,4.84,3529.235
4.204223117229626,1.3029296518013265,28.322293173700242,1.296,4.834,3541.407
4.204174449749157,1.290454851077224,28.342044007396574,1.285,4.829,3553.594
4.204593137459716,1.2798544557880067,28.350641482520977,1.272,4.824,3565.797
4.2046782575532875,1.2685047004606576,28.347513887165164,1.26,4.818,3578.0
4.204871253622586,1.258813383146689,28.35077411990764,1.249,4.813,3590.375
4.205118080474439,1.2429217029166777,28.34865712705462,1.238,4.807,3602.75
4.205337225461425,1.2312971660791776,28.35410437907863,1.226,4.802,3615.188
4.2054920612691555,1.2197714082750237,28.342708757239812,1.213,4.797,3627.688
4.205891308861785,1.2067466697245712,28.346494452940597,1.202,4.791,3640.203
4.205790429547774,1.1966938331018704,28.343314885423457,1.19,4.786,3652.75
4.206315474353306,1.1812041827254616,28.344998890191953,1.177,4.78,3665.344
4.205562267342824,1.163423426150243,28.331478073846743,1.157,4.77,3677.953
4.205795042191856,1.1519931864494173,28.327104545509425,1.145,4.764,3690.578
4.205446772773202,1.1400597582231993,28.31236796786732,1.133,4.759,3703.203
4.205818339769028,1.124432400463596,28.298574470177936,1.121,4.748,3715.922
4.206121240993886,1.11385177332717,28.28828575836205,1.11,4.743,3728.703
4.205251430552868,1.0953949171625654,28.281060444106352,1.089,4.737,3741.5
4.205541191744855,1.0844766677079591,28.255001979680515,1.078,4.732,3754.313
4.20584405672549,1.070440478753523,28.2431402585212,1.067,4.726,3767.25
4.20592337171317,1.0561945183541883,28.22050494782709,1.054,4.721,3780.016
4.205732969939517,1.0481773587645218,28.207189604129248,1.043,4.716,3792.938
4.205904189865133,1.0356150483348503,28.184292848501574,1.031,4.705,3805.969
4.205893666993547,1.0240739690975678,28.15805217807056,1.02,4.705,3819.235
4.20622537017563,1.014108052334197,28.141272991152956,1.007,4.699,3832.203
4.20613203167151,1.0009615802555123,28.11364914605687,0.996,4.694,3845.563
4.206429877497038,0.9912706175898286,28.080473400166127,0.985,4.683,3858.953
4.206297505379037,0.9804664175913492,28.05574250542806,0.973,4.683,3872.36
4.205315946721636,0.9576473540526957,28.024931029672903,0.951,4.672,3885.719
4.204686179012644,0.9357255051656574,27.99610316665697,0.932,4.662,3899.219
4.203604933745257,0.9134030906921924,27.972459637827107,0.911,4.651,3912.782
4.203472888931774,0.9037964778086729,27.944566969011845,0.9,4.64,3926.438
4.202176594064438,0.8914577205327058,27.91231776817413,0.879,4.629,3940.125
4.202794191489531,0.8830480687591356,27.87854577502404,0.879,4.635,3953.828
4.202503766136599,0.8725574396708123,27.839637022965416,0.867,4.624,3967.594
4.202472931747755,0.8571216848885388,27.817572208157184,0.856,4.619,3981.157
4.201917526282673,0.851039770987605,27.786201177816118,0.846,4.619,3994.922
4.202675931571818,0.8488258104143273,27.745452504983408,0.845,4.613,4008.61
4.201803706619812,0.8249869612678681,27.709940726768874,0.823,4.608,4021.782
4.201565261087729,0.8150519790683193,27.685473146569326,0.813,4.597,4035.11
4.2012099136942656,0.8053408081012542,27.657552618687678,0.802,4.592,4048.469
4.201439956399774,0.8065996893678123,27.631678742845008,0.8,4.592,4061.797
4.201264986500058,0.7923986165200352,27.59306996907836,0.789,4.586,4075.25
4.2009879708509965,0.7862938504881853,27.554433572509833,0.778,4.581,4088.719
4.2006505873408235,0.7714593197941187,27.512576038297944,0.769,4.575,4102.188
4.20031783532994,0.7634624286243022,27.477572817046813,0.758,4.57,4115.75
4.199832179734774,0.7512569230211186,27.452586238036933,0.747,4.57,4129.235
4.199586197333062,0.7400555442973732,27.424302198857333,0.737,4.559,4142.907
4.199265111011636,0.7289046393589454,27.392275713118103,0.726,4.554,4156.5
4.19889747817935,0.7196097965116963,27.35460079905615,0.715,4.548,4170.078
4.1985870208094145,0.7072641589593707,27.328661250906947,0.705,4.543,4183.782
4.198023271717153,0.6988210895635949,27.2906825889081,0.694,4.538,4197.594
4.198187367161953,0.6981839176800423,27.265500411543883,0.693,4.538,4211.391
4.19868213460028,0.6951411104760504,27.24058146359558,0.693,4.538,4225.328
4.198673735717945,0.6840569215306784,27.202604001067115,0.682,4.532,4239.219
4.198381473642012,0.6742995480464494,27.18846445372782,0.671,4.527,4253.125
4.198261306845177,0.6772968705380352,27.14107808881529,0.671,4.527,4267.11
4.199012425144384,0.6717644167054484,27.116081259685497,0.669,4.527,4281.125
4.199036757960973,0.6609894718554076,27.086765252040774,0.658,4.521,4295.203
4.1982944347723485,0.645876120037014,27.057060895196415,0.647,4.516,4309.375
4.198985335010625,0.6525513341675709,27.038101546806583,0.646,4.516,4323.5
4.198464638991528,0.6383554945218618,27.008644452078787,0.636,4.511,4337.719
4.198938361882717,0.636759081914105,26.974668869457624,0.635,4.511,4351.922
4.198796609474075,0.6257539643983895,26.95289765222737,0.624,4.505,4366.219
4.19820584837135,0.6169100559625683,26.918805330727952,0.614,4.5,4380.563
4.198801374953204,0.6149001690140815,26.894089805265864,0.613,4.5,4394.938
4.19846237467231,0.6043794050655762,26.859435411291727,0.602,4.494,4409.297
4.198861083070317,0.6060284642184558,26.844422927730093,0.6,4.494,4423.75
4.198733414006423,0.5907767699981897,26.825326299649902,0.591,4.489,4438.235
4.198404428329928,0.5812130653697083,26.794308617850383,0.58,4.484,4452.766
4.198555670471943,0.5835428581293814,26.766704085877706,0.578,4.484,4467.297
4.199232955592388,0.5841148894753193,26.750211978033075,0.578,4.484,4481.828
4.199579101982537,0.5784308713195596,26.71792344551265,0.577,4.484,4496.485
4.199134145907263,0.5698821582827601,26.686620841965812,0.566,4.478,4511.141
4.1988001031894,0.5572953991275938,26.683094809829026,0.555,4.473,4525.125
4.198689875255964,0.5491983462366139,26.651336947525074,0.545,4.467,4539.141
4.198031224840358,0.5378245329498532,26.628501530300383,0.534,4.462,4553.157
4.1983211674289524,0.5369701761188469,26.60674395015237,0.534,4.462,4567.11
4.1987070493581085,0.5384145693226038,26.59237006095859,0.533,4.462,4581.313
4.198253458717959,0.5271699409960243,26.555878246619987,0.523,4.457,4595.422
4.198829358228447,0.5249827192272748,26.547915734401638,0.522,4.457,4609.625
4.199030867707233,0.5256991649765035,26.52147927977011,0.52,4.457,4623.907
4.199654039880586,0.5211469299814789,26.49098742291656,0.52,4.457,4638.219
4.199184208412798,0.510178397845678,26.467674067887952,0.509,4.451,4652.563
4.198829692715808,0.4997506474512359,26.44931975459103,0.498,4.446,4666.953
4.198909822983157,0.5006676050816727,26.42638884217895,0.498,4.446,4681.453
4.199375388776892,0.5019156615129527,26.407734106240795,0.497,4.446,4695.969
4.19989451121745,0.5004201587609778,26.387083018954787,0.497,4.446,4710.563
4.199324537651952,0.4880414104953696,26.366892956953066,0.486,4.44,4725.235
4.199041135627372,0.47794167896170375,26.343320910136885,0.476,4.435,4739.875
4.199447348960301,0.4776584904254158,26.32739814288823,0.475,4.435,4754.547
4.19979060185715,0.476897825548181,26.299925680717752,0.473,4.435,4769.344
4.1995745457545475,0.46330673381315,26.296162236030487,0.462,4.43,4784.219
4.198735286338585,0.4555199726677778,26.267482570934522,0.453,4.424,4799.0
4.199003015289884,0.45358027766024384,26.253742661086278,0.453,4.424,4813.922
4.199612627064794,0.45484065255043826,26.227165162440514,0.451,4.424,4828.891
4.199008776174337,0.44274890130026723,26.206175319620314,0.44,4.419,4843.891
4.1992337561998525,0.44379289408727773,26.19642762190276,0.44,4.419,4858.844
4.199721777989045,0.44367734141068915,26.17869842796486,0.439,4.419,4873.703
4.199198743463257,0.43517344541133796,26.151883190575454,0.429,4.413,4888.688
4.198641586669872,0.4204865781467999,26.139778017832477,0.418,4.408,4903.797
4.198776019652536,0.4191477579727953,26.114429601583307,0.418,4.408,4918.907
4.199278404578893,0.4210448663168256,26.098544646986063,0.417,4.408,4933.938
4.199353729735405,0.4195917221251899,26.06846503297405,0.417,4.408,4949.125
4.19991768137383,0.4188333893726489,26.058990058960283,0.415,4.408,4964.453
4.199652608281165,0.4067247620309137,26.032719056808233,0.404,4.403,4979.75
4.1986176242904,0.3953330697860552,26.01893709359008,0.395,4.397,4995.078
4.19939443900034,0.3950900103127755,26.01174003126852,0.395,4.397,5010.469
4.199590792406016,0.3944532140084644,25.990523025389876,0.393,4.397,5024.61
4.1991825574269095,0.38561983959669693,25.966146032978813,0.384,4.392,5038.813
4.199228858509,0.38331807369803217,25.96029298316004,0.382,4.392,5052.75
4.199488458049965,0.38526783395913206,25.929459870941685,0.382,4.392,5067.032
4.199589676038759,0.38637706961514456,25.91335092324648,0.382,4.392,5081.235
4.19922522508392,0.37481674556602607,25.908944093853638,0.371,4.386,5095.625
4.1993667766247516,0.3724429590783579,25.88972222546434,0.371,4.386,5109.828
4.199737657703251,0.37405135303052855,25.883684294006052,0.371,4.386,5124.25
4.199421204360017,0.36121024527478757,25.870488085903737,0.36,4.381,5138.766
4.199387197565345,0.36440236550069055,25.852972305916555,0.36,4.381,5153.282
4.200138606021046,0.36237647210522994,25.821872508709045,0.359,4.381,5167.797
4.199503488197466,0.3519802680356926,25.816091189904164,0.349,4.376,5182.407
4.1996077478625065,0.34982011468069424,25.80626086543931,0.349,4.376,5197.125
4.199761121786985,0.34913303084042396,25.786963363321014,0.349,4.376,5211.688
4.199969513373021,0.3485998343256739,25.773513804476316,0.348,4.376,5226.407
4.200499837641612,0.348534223207152,25.747600842919738,0.348,4.376,5241.157
4.200553114003933,0.3516567117838383,25.75032219752059,0.346,4.376,5255.907
4.200380549402948,0.3382863010973083,25.73180949763822,0.337,4.37,5270.75
4.1997801002535855,0.3271875252009328,25.71645801720232,0.326,4.365,5285.594
4.1995995085640665,0.32682388259153466,25.69868587740742,0.326,4.365,5300.516
4.199941336972982,0.3278071762323024,25.689295643971235,0.324,4.365,5315.485
4.200353907164983,0.3275484402251793,25.66420703718322,0.324,4.365,5330.172
4.200466158498672,0.32298042263227894,25.650786626721064,0.324,4.365,5345.235
4.200794414271231,0.3249416560515024,25.6376456441778,0.323,4.365,5360.328
4.200185959263084,0.31546008616920646,25.636273072929257,0.313,4.359,5375.469
4.199586151588734,0.3049430074544264,25.622065780835737,0.302,4.354,5390.578
4.198973061166452,0.29431743332514954,25.608256376714163,0.293,4.349,5405.828
4.198913822136301,0.2918004913688734,25.5982579699801,0.293,4.349,5421.0
4.1990356631512284,0.2932332467177805,25.58054131645501,0.293,4.349,5436.094
4.1990583671843735,0.29377603316435835,25.565740007575243,0.293,4.349,5451.391
4.19954160239482,0.29272830782419673,25.549147096201185,0.291,4.349,5466.797
4.199673013178218,0.29591307880618745,25.53837809522273,0.291,4.349,5482.141
4.200197348765244,0.2911768451640665,25.527745966469194,0.291,4.349,5497.61
4.200303849141064,0.29246042970415853,25.5079550241708,0.29,4.349,5513.141
4.200378547897038,0.2909973732523335,25.501693785177075,0.29,4.349,5528.672
4.200741811630272,0.2903821228117278,25.481117693692248,0.289,4.349,5544.25
4.200317496545046,0.2841986680448494,25.472054589860697,0.277,4.343,5559.797
4.1994180467000986,0.27272489036830405,25.458779302005905,0.268,4.338,5575.453
4.199703553857112,0.2679501226602801,25.45286114751542,0.268,4.338,5591.188
4.199692778917643,0.26653278253309265,25.439098101675928,0.268,4.338,5606.938
4.200208012941394,0.27056357219774785,25.42787462296731,0.266,4.338,5622.782
4.200263424998047,0.26850550466132217,25.41041027060698,0.266,4.338,5638.485
4.2004297013851195,0.26743353076299897,25.404716466879247,0.266,4.338,5654.203
4.2008083003802055,0.2660769452778566,25.387398630094726,0.265,4.338,5669.969
4.200406121112821,0.25733804029467255,25.379277631915095,0.255,4.332,5686.016
4.199469327669439,0.24492516729309244,25.369974883602826,0.246,4.327,5702.094
4.199416473502752,0.2487380805132916,25.360112078323112,0.246,4.327,5718.188
4.199592694499273,0.2455526034113368,25.348485593251226,0.246,4.327,5734.266
4.199943143581435,0.24879812975147722,25.32681012161945,0.244,4.327,5750.282
4.199865131772228,0.24460088609734934,25.320095822190563,0.244,4.327,5766.532
4.200349044180655,0.2451261086160184,25.30118167899423,0.244,4.327,5782.594
4.200240139225099,0.24634128218328824,25.296472431300096,0.243,4.327,5798.922
4.2006889377187875,0.24500541094279296,25.281102569326826,0.243,4.327,5815.313
4.199913591184495,0.23505556164384128,25.272008012027943,0.232,4.322,5831.719
4.200398561532479,0.23331672125089217,25.25321085481863,0.232,4.322,5848.203
4.200128137582288,0.23287667091151576,25.24558171771212,0.232,4.322,5864.657
4.200576468193976,0.2343862113362672,25.228108518886195,0.232,4.322,5881.157
4.200416227963932,0.22328436209455055,25.224956952819472,0.221,4.316,5897.672
4.199916563663062,0.22281569602017343,25.20280712335809,0.221,4.316,5914.235
4.20022392580835,0.22130669618319807,25.19779521466781,0.221,4.316,5930.75
4.200538181819851,0.22236533095870745,25.19595425450126,0.221,4.316,5947.25
4.2003799619461475,0.22226335252756674,25.17997358806187,0.221,4.316,5964.016
4.200723003976141,0.22210690873324396,25.17381655879427,0.22,4.316,5980.703
4.200051071954147,0.2077707685566041,25.161307306063318,0.21,4.311,5997.5
4.200263713147662,0.2117859048981496,25.155520788590557,0.21,4.311,6014.422
4.200392788267206,0.20946975660555842,25.14629261808516,0.21,4.311,6030.0
4.200476369881042,0.2096189937775736,25.145056804932118,0.208,4.311,6045.766
4.200546809495421,0.20818821187451403,25.128870601642767,0.208,4.311,6061.547
4.201070782668343,0.2101782390651532,25.12343664300322,0.208,4.311,6077.407
4.200206652033972,0.20060188641036683,25.115071343710902,0.199,4.305,6093.266
4.200498675662778,0.19885020270062978,25.096534410214684,0.199,4.305,6109.157
4.200597667367838,0.1979003442517658,25.09288842709995,0.197,4.305,6125.094
4.1996077679167465,0.18976484575652225,25.087425190993688,0.188,4.3,6141.125
4.1996713916558095,0.18812425734405835,25.070988467612565,0.188,4.3,6157.203
4.19959217559876,0.18916400050397375,25.061065645566345,0.188,4.3,6173.313
4.199886844432068,0.18725054135804997,25.050660338152543,0.188,4.3,6189.407
4.200102875862919,0.18651134042547637,25.049624075307875,0.188,4.3,6205.297
4.199987578300109,0.18672679060727354,25.046511490979036,0.186,4.3,6221.407
4.200244820016593,0.18579722400205506,25.0310074958544,0.186,4.3,6237.422
4.200529164376961,0.18742871381359436,25.015567078056254,0.186,4.3,6253.657
4.200739604274643,0.18425324325194703,25.007789837939626,0.186,4.3,6269.907
4.199656261757632,0.17800214363561156,25.005304672797543,0.177,4.295,6286.266
4.200027725812717,0.1755445499625003,24.994488385864255,0.177,4.295,6302.625
4.200354032778504,0.17652135345879127,24.986019994601627,0.175,4.295,6319.125
4.200142778283955,0.17524026697676506,24.980846164991394,0.175,4.295,6335.719
4.200415775600497,0.1784908795335552,24.977199397479385,0.175,4.295,6352.125
4.20054492260581,0.17624632396831794,24.961657632571363,0.175,4.295,6368.766
4.200576293086063,0.17855957680428683,24.949858691299237,0.174,4.295,6385.375
4.200924001561355,0.17555266551054471,24.95303021980926,0.174,4.295,6402.11
4.201022160701582,0.17640175439957848,24.93298290883269,0.174,4.295,6418.907
4.201302725330977,0.17385498567886565,24.921910354306434,0.174,4.295,6435.688
4.201074630455211,0.17537440170549928,24.91867052387902,0.173,4.295,6452.516
4.2014126569995796,0.175940358928489,24.914601897751083,0.173,4.295,6469.391
4.201755592194713,0.1752797437954893,24.91131855146692,0.173,4.295,6486.391
4.201140052903104,0.15850354237157566,24.903036100569643,0.163,4.289,6503.391
4.20033574200832,0.15555888569201196,24.89955021622277,0.152,4.284,6520.438
4.200222712932642,0.15005525649842658,24.88088986032313,0.153,4.284,6537.485
4.200266134504046,0.1548692535298493,24.881529379155843,0.153,4.284,6554.297
4.200386184414606,0.15621482789581867,24.867970026075998,0.152,4.284,6571.422
4.200264261580445,0.15840465038871454,24.859483812972687,0.152,4.284,6588.563
4.200296767603885,0.15426646785811282,24.8516325459418,0.152,4.284,6605.719
4.200742621287009,0.15204059029643965,24.84899949586346,0.152,4.284,6622.953
4.199910060300252,0.13975538203130086,24.84607075269952,0.141,4.278,6640.25
4.200005916498932,0.14419085687044786,24.84328954796882,0.141,4.278,6657.625
4.199748621363987,0.14392851041687765,24.832063050513483,0.142,4.278,6674.891
4.200046322297509,0.14379372208704747,24.824962166014362,0.141,4.278,6692.11
4.1998878819695475,0.14222913447253907,24.810311245539722,0.141,4.278,6709.578
4.200112095528635,0.14299440865057272,24.810429203093616,0.141,4.278,6727.125
4.2002564792945,0.14360702021674943,24.7986763729114,0.141,4.278,6744.766
4.200387924198807,0.14060704294866996,24.791322756830787,0.141,4.278,6762.422
4.200522596519328,0.14167040012405835,24.78455713172415,0.141,4.278,6780.172
4.2005120853389855,0.14292597041396443,24.776845773567413,0.139,4.278,6797.703
4.200772676535075,0.14077258301627082,24.769004057894815,0.139,4.278,6815.485
4.200222732596993,0.13024044100614413,24.763830456372517,0.13,4.273,6833.157
4.200024217735177,0.1306128055495169,24.764097072660945,0.13,4.273,6850.938
4.200019502941143,0.13090429772947207,24.75582419150783,0.13,4.273,6868.875
4.2001460294834665,0.13062626076877518,24.742298571659816,0.13,4.273,6886.813
4.199995208958447,0.13060677554582847,24.740454206799054,0.13,4.273,6904.844
4.20049309614029,0.13085556080921346,24.726702822603954,0.13,4.273,6922.922
4.20035866765483,0.13121603034466195,24.724541444283204,0.13,4.273,6941.094
4.200631810829929,0.1292095142689923,24.721576848773026,0.128,4.273,6959.36
4.2000447860757975,0.12177193158280775,24.70964798237279,0.119,4.268,6977.422
4.199781915296467,0.1186672455805494,24.705452305047853,0.119,4.268,6995.641
4.199888291691477,0.11996323189550849,24.702450809160904,0.119,4.268,7013.891
4.1996326238970045,0.12201540236883432,24.695986577743145,0.119,4.268,7031.016
4.200027360659324,0.12173921415905542,24.696735663899094,0.119,4.268,7048.188
4.199748890592947,0.11819600078532651,24.68495435584612,0.119,4.268,7065.563
4.200076830794252,0.11745315640724573,24.685558088787015,0.119,4.268,7082.891
4.200241797627442,0.11991729424718589,24.68355039121745,0.119,4.268,7100.297
4.200448311932814,0.12042001834080605,24.669479851959043,0.119,4.268,7117.782
4.200423394396365,0.11951229642496042,24.6731216709121,0.117,4.268,7135.235
4.200366500351698,0.11770272900071134,24.658456159843535,0.117,4.268,7152.75
4.200225821146692,0.1158072710151227,24.66018017456664,0.117,4.268,7170.266
4.200560503870111,0.11746791030337397,24.657003063228355,0.117,4.268,7187.86
4.20084207900702,0.11800843005662466,24.643401141196126,0.117,4.268,7205.516
4.200879761804062,0.11625281424850202,24.64646725099562,0.117,4.268,7223.25
4.201150928899153,0.11436093565240422,24.626132910349472,0.117,4.268,7240.985
4.201110920318888,0.11736784276594452,24.63081801879158,0.116,4.268,7258.813
4.201431497869668,0.11883073885300334,24.61977023445976,0.116,4.268,7276.688
4.201459747053473,0.11493213287116967,24.626190870664683,0.116,4.268,7294.547
4.201368252574394,0.11708292503714011,24.62350132599432,0.116,4.268,7312.375
4.201784187245724,0.1155628505301745,24.61925617176229,0.115,4.268,7330.313
4.200879096661446,0.10803813589719564,24.6192070857721,0.105,4.262,7347.969
4.199991915051395,0.09585896291572985,24.59587392829425,0.095,4.257,7365.985
4.199632917874363,0.09734844175928012,24.59905839949052,0.095,4.257,7384.141
4.199936916925014,0.09654951723817781,24.593291154909227,0.095,4.257,7402.313
4.199885543711935,0.09757362070898909,24.587326437279696,0.095,4.257,7420.313
4.199913828050677,0.09387992879955907,24.586235442508343,0.095,4.257,7438.547
4.199759083252637,0.09623254388464966,24.570333890446584,0.095,4.257,7456.813
4.19997223846853,0.09745877552231115,24.567084974300048,0.095,4.257,7475.188
4.199924504334662,0.09441060568565907,24.553319563326696,0.095,4.257,7493.438
4.200087327213239,0.0950809643565773,24.55746420279684,0.095,4.257,7511.516
4.200053901990511,0.09587805216348565,24.563031137517036,0.095,4.257,7529.86
4.199890682158938,0.09720729280498572,24.558081868432097,0.095,4.257,7548.344
4.200516945717492,0.09463092087487582,24.556988592162515,0.095,4.257,7566.938
4.2000359369857945,0.09584671567987453,24.542815858856958,0.094,4.257,7585.516
4.20018124156429,0.09553870020290167,24.53156439612904,0.095,4.257,7604.172
4.20050121604718,0.09329325505065815,24.52922387607855,0.094,4.257,7622.86
4.200424350549374,0.09651756379957097,24.537956877671906,0.094,4.257,7641.625
4.200567166421358,0.09325752683018701,24.52791869744791,0.094,4.257,7660.438
4.200566954776569,0.09551947382769524,24.519426167197004,0.094,4.257,7679.328
4.200312533713465,0.0933274977995908,24.517725851361977,0.094,4.257,7698.328
4.2006033335077655,0.09701259634022927,24.521260110528704,0.094,4.257,7717.297
4.200954701333738,0.0942691591783127,24.510111081426764,0.094,4.251,7736.266
4.200975469435039,0.09298149142316944,24.509897458230494,0.094,4.257,7755.313
4.201384636955749,0.09391736710905478,24.498129064550636,0.093,4.257,7774.36
4.201259942460263,0.09371510325062986,24.498138845222968,0.093,4.257,7793.469
4.20129463031499,0.09291022984375254,24.497498398186064,0.093,4.251,7812.719
4.201516413557742,0.09183708419590206,24.48699243024874,0.093,4.251,7832.063
4.201591202222674,0.0924276655927737,24.484214370279126,0.093,4.257,7851.422
4.200721221491938,0.08268627825885967,24.486147855856597,0.083,4.251,7870.641
4.1999115512181495,0.07187108220828314,24.479399203377046,0.073,4.246,7889.782
4.199448892574311,0.0743835387345245,24.46891213761655,0.073,4.246,7909.141
4.199651382812141,0.07385126710506293,24.47013154598136,0.073,4.241,7928.5
4.199571132754301,0.07575888148015006,24.467891441239004,0.073,4.246,7948.047
4.199712560405373,0.07327353059502001,24.465972738361657,0.073,4.246,7967.61
4.199604316665943,0.07362754740313024,24.448477914640087,0.073,4.246,7987.282
4.19938603861375,0.07095277999285055,24.450575903439535,0.073,4.246,8006.969
4.199594673746525,0.07431371560384205,24.45213267650586,0.073,4.246,8025.438
4.199564302368169,0.07192770346458399,24.447090593460025,0.073,4.246,8043.891
4.199892833751758,0.07231836611258174,24.437216298326152,0.073,4.246,8062.532
4.199743824270598,0.07266212453081297,24.436717641316708,0.073,4.246,8081.11
4.199966496093058,0.07351582481257757,24.431302581803486,0.073,4.246,8099.547
4.199883147710972,0.07357427294800412,24.423315022557873,0.073,4.246,8118.063
4.199758468630094,0.07349819616039095,24.417026444912324,0.073,4.246,8136.485
4.200056974906307,0.07394255622826335,24.42024684382166,0.073,4.246,8155.11
4.199964104482369,0.07057973680852887,24.41185725956748,0.072,4.246,8173.907
4.200024035716677,0.07139319122731254,24.414179261105232,0.072,4.246,8192.797
4.200111804461282,0.0744750250053846,24.411636630901885,0.072,4.246,8211.766
4.200084712282776,0.07340099882773124,24.40619342930973,0.072,4.246,8230.828
4.200203587567714,0.07075264181078553,24.397431065379685,0.072,4.246,8249.797
4.20032852408066,0.07158667754354126,24.38831180758739,0.072,4.246,8268.813
4.200378673824871,0.07377703004883766,24.395603827454227,0.072,4.246,8287.782
4.200348843804179,0.07246203834576527,24.38749416544967,0.072,4.246,8306.907
4.200602787231829,0.07325900462352755,24.3847019949704,0.072,4.246,8326.078
4.2005268672495095,0.0734206560583585,24.388105918500532,0.072,4.246,8345.328
4.200642541383148,0.0728717307896259,24.370734072305872,0.072,4.241,8364.61
4.200734082649636,0.07155524918079777,24.376784232880766,0.072,4.246,8384.016
4.20081722534809,0.06819651127083806,24.373109135882764,0.07,4.246,8403.438
4.20074225162919,0.07128571429460238,24.374558133940592,0.07,4.246,8423.0
4.200938633917083,0.07012304445030888,24.359939424619643,0.07,4.246,8442.547
4.201003363736265,0.06932070144326587,24.354722959621405,0.07,4.246,8462.203
4.201030132633784,0.07047609619717987,24.362150889055997,0.07,4.246,8481.907
4.201188922490309,0.06951852918264147,24.36480751194658,0.07,4.246,8501.625
4.2012249242432915,0.07176575064108304,24.362495428823294,0.07,4.246,8521.313
4.201543188894784,0.0682960753777335,24.360823024350033,0.069,4.246,8541.078
4.2013386157671615,0.06778873619365554,24.345168046707986,0.069,4.246,8560.844
4.201315983046193,0.07239194001901078,24.344191533315364,0.069,4.246,8580.797
4.201475430554844,0.068802042815692,24.351992710350345,0.069,4.246,8600.86
4.201489322727042,0.06878311873027142,24.348616971168695,0.069,4.246,8620.938
4.2016620414718515,0.0673337169550155,24.341278539400705,0.069,4.246,8641.016
4.2009895569412175,0.0588121119180556,24.344968964455475,0.059,4.241,8661.203
4.200800055974147,0.056343286978583935,24.329014157377664,0.059,4.241,8681.375
4.20078140594086,0.056914753394749606,24.32920313862559,0.059,4.241,8701.719
4.201026677745701,0.059450293471839166,24.333701978672902,0.059,4.241,8722.032
4.200746866562142,0.0588041833915046,24.338784118954965,0.059,4.241,8742.344
4.200950534616567,0.05836802265564893,24.329090045993528,0.059,4.241,8762.703
4.201096127815809,0.058491641301247274,24.322440669782413,0.059,4.241,8783.125
4.201090656226117,0.05673520116552666,24.315193585500896,0.059,4.241,8803.516
4.2012419099551925,0.05820840582800201,24.321413581854205,0.059,4.241,8824.0
4.201173038493621,0.05620307647957128,24.307057340437947,0.059,4.241,8844.375
4.200984783704031,0.05938977639251823,24.302257015785273,0.058,4.241,8864.875
4.2011599134185404,0.057086531961880585,24.314687990104748,0.058,4.241,8885.36
4.2012994088199225,0.058947454510898084,24.306038352716048,0.058,4.235,8905.703
4.201504160982763,0.05944317119492552,24.306798741498802,0.058,4.241,8926.453
4.201394358533826,0.05826352421104663,24.307632732559867,0.058,4.241,8947.125
4.20133951111334,0.05888073352445982,24.300878131673105,0.058,4.241,8967.922
4.201634406798177,0.05822386989783001,24.29143354973456,0.058,4.241,8988.719
4.200621306840271,0.0483846843132144,24.29218821760319,0.047,4.235,9009.485
4.200421652836228,0.0471949366429636,24.290046105737126,0.048,4.235,9029.328
4.200625853708142,0.04879232672647272,24.286551464696675,0.048,4.235,9049.078
4.200513403542394,0.04938430200714202,24.294800279471048,0.048,4.235,9068.891
4.199545196548602,0.03909145413502818,24.28480354772145,0.039,4.23,9088.719
4.199432608780812,0.03793242666228679,24.28432162211687,0.039,4.23,9108.688
4.1993877970435065,0.03970931876800268,24.27289805298036,0.039,4.224,9128.719
4.199534921141227,0.039545012898104616,24.280894170644856,0.039,4.23,9148.75
4.198566015917952,0.029116581820211984,24.275551449957508,0.029,4.224,9168.797
4.1984232249157944,0.03085781422076773,24.27628520867103,0.03,4.224,9188.657
4.1980886160737585,0.030359338708106295,24.26464614663485,0.03,4.224,9208.844
4.198210665334496,0.030472478619153958,24.269912857029535,0.03,4.224,9229.094
4.198075731739679,0.030148065177414363,24.263107556194363,0.03,4.224,9249.407
4.198079777938697,0.02916714123139164,24.26679045868584,0.03,4.224,9269.438
4.198153432619209,0.03237553790690092,24.265039357450387,0.03,4.224,9289.407
4.197890936043247,0.02938809068314649,24.26624340787373,0.03,4.224,9309.75
4.197848790781595,0.029426192399794767,24.265797423583226,0.03,4.224,9330.25
4.197873777593869,0.030263338408638422,24.260379432902873,0.03,4.224,9350.735
4.197945411486554,0.03146163888127685,24.256617733750506,0.03,4.224,9371.313
4.1980650779048405,0.02991329753478983,24.26607237318988,0.03,4.224,9391.891
4.197831086277552,0.02930480872403269,24.269431251350444,0.03,4.219,9412.61
4.19780391938063,0.029623047247884837,24.263678446138705,0.03,4.224,9433.313
4.197862714562315,0.02996218119474392,24.25535469497434,0.03,4.224,9454.016
4.198111718697269,0.030647607667400115,24.243954959376094,0.03,4.224,9474.782
4.197797451150862,0.03139177748903034,24.255479917258185,0.03,4.224,9495.672
4.197905760574041,0.02983173726798135,24.24468109124751,0.03,4.224,9516.328
4.197881950322562,0.030202305157505115,24.247465373479315,0.03,4.224,9537.297
4.19762066720239,0.03177299092252687,24.24091861128676,0.03,4.224,9558.203
4.197859779176619,0.029732810872682734,24.23154782593972,0.03,4.224,9579.172
4.197946556851613,0.02877713331625815,24.230087286581295,0.03,4.224,9600.235
4.198092350825867,0.031895212403778565,24.230323084561366,0.03,4.224,9620.953
4.198101281420161,0.029368470538123113,24.23375439757568,0.03,4.224,9642.188
4.198096732994814,0.03048978561393436,24.231986999033857,0.03,4.224,9663.453
4.198036765749981,0.03154472842162972,24.237482065812873,0.03,4.224,9684.547
4.1979330052911905,0.03314259308799445,24.23244578765307,0.03,4.224,9705.907
4.198009137161701,0.029373640355306804,24.229780754841215,0.03,4.224,9727.375
4.197823215018606,0.03490955368417892,24.212991355040728,0.03,4.224,9748.875
4.197872401145447,0.028957678467249257,24.213133145915766,0.03,4.224,9770.328
4.197841456093837,0.03198920647240304,24.214222434065178,0.03,4.224,9791.797
4.198065078276701,0.02981913957732697,24.21665866349282,0.03,4.224,9813.235
4.1976962794359665,0.03099315306585688,24.217743183846864,0.03,4.224,9834.891
4.197714914369012,0.02624367942926338,24.202013879306463,0.03,4.224,9856.297
4.197919442648805,0.029297223780262175,24.207208886246434,0.03,4.224,9877.875
4.1978929261457925,0.029859164983308754,24.210916745319942,0.03,4.224,9899.594
4.198103978877656,0.032021388326963135,24.20716039522303,0.03,4.224,9921.36
4.197882318540467,0.03005627593146628,24.198450830510442,0.03,4.224,9943.219
4.19804365674405,0.030923848053727585,24.209397053613728,0.03,4.224,9965.172
4.19785849937625,0.031686719921637935,24.199631660226586,0.03,4.224,9987.188
4.198209325715453,0.03205848244300857,24.206764505671707,0.03,4.224,10009.063
4.197944186041873,0.02896387788327311,24.201027656854897,0.03,4.224,10028.907
4.198148359684628,0.03097620929327245,24.19720892038434,0.03,4.224,10048.922
4.198009098468521,0.029578571365090733,24.188867376511112,0.03,4.224,10068.625
4.19816272403565,0.02684472835704621,24.189891766470293,0.03,4.224,10088.563
4.19797403116812,0.02876012197614951,24.192910342222948,0.03,4.224,10108.532
4.198022673594611,0.029301481915839877,24.194989224077634,0.03,4.224,10128.641
4.198069696276124,0.027951670494275684,24.195191169944508,0.03,4.224,10148.813
4.198005545402014,0.031173028542039384,24.200076277984003,0.03,4.224,10168.969
4.198219973474072,0.030892629314731558,24.180977276430067,0.03,4.224,10189.266
4.198001491207179,0.03255560308594012,24.19400569104971,0.03,4.224,10209.578
4.19806581813039,0.03001466231231726,24.181504453616554,0.029,4.224,10229.875
4.198363516274269,0.03145734806056235,24.182266687735826,0.03,4.224,10250.282
4.19830093391351,0.02816747476886165,24.174332065061645,0.029,4.224,10270.672
4.1980560934586135,0.02657849204513123,24.191765549522387,0.029,4.224,10291.125
4.198365279493813,0.02854348486556236,24.18367868445403,0.029,4.224,10311.61
4.198105908092883,0.027930059772466844,24.185367457563178,0.029,4.224,10332.188
4.19831076128968,0.030589008403015375,24.18101455371973,0.029,4.224,10352.813
4.198357127465612,0.029350518992469193,24.17371822734875,0.029,4.224,10373.469
4.198364703676435,0.027616001205809825,24.173540060083006,0.029,4.224,10394.266
4.19839322436614,0.030342882364047353,24.170263854944555,0.029,4.224,10415.078
4.198092890674358,0.031101547913225353,24.17321600935101,0.029,4.224,10435.953
4.198774200024152,0.02800733242532907,24.166290335803765,0.029,4.224,10456.86
4.198363027999144,0.02994922031462653,24.16912649838711,0.029,4.224,10477.813
4.1985064828989165,0.026352213297058218,24.171656605867824,0.029,4.224,10498.782
4.198605395926039,0.026664280944152626,24.179553115953325,0.029,4.224,10519.86
4.198590084943518,0.028469614842083338,24.176058457985228,0.029,4.224,10540.938
4.1986586308344265,0.030232947144644882,24.16825078665735,0.029,4.224,10562.032
4.1986092422598125,0.027392273443295406,24.164346705896516,0.029,4.224,10583.125
4.19887871874795,0.028849591085362447,24.168266966161806,0.029,4.224,10604.313
4.198539067737926,0.025950025986334672,24.172199337360414,0.029,4.224,10625.532
4.198905760043124,0.02688921641641286,24.161676897702392,0.029,4.224,10646.907
4.198735145005066,0.026879142958051296,24.158988870109614,0.029,4.224,10668.36
4.198832471207007,0.02903540285898386,24.147552461343025,0.028,4.224,10689.75
4.19883811150645,0.02649057253796001,24.152631788813682,0.029,4.224,10711.203
4.198829593313138,0.02763025864323807,24.158068458852235,0.028,4.224,10732.672
4.1990275167157085,0.02659143962106356,24.152095949663313,0.029,4.224,10754.188
4.198861929701314,0.02834068099472425,24.148239233827002,0.028,4.224,10775.703
4.199169433261841,0.026397995979845053,24.139940653330882,0.028,4.224,10797.328
